{
  "setup.py": 1776591416.54359,
  "main.py": 1780908044.8446274,
  "experiment/llama_3_8b_verbose copy.py": 1781012984.2184334,
  "experiment/llama_3_8b-1.py": 1780908044.816655,
  "experiment/llama_3_8b.py": 1780908044.8199883,
  "experiment/llama_3_8b_verbose.py": 1781043172.1881342,
  "scripts/training/train_text_generation.py": 1776591416.54359,
  "ui/tailwind.config.js": 1781020664.306192,
  "ui/vite.config.ts": 1781028399.5449636,
  "ui/postcss.config.js": 1781020664.3083537,
  "ui/src/App.tsx": 1781024927.5739822,
  "ui/src/main.tsx": 1781038484.8560517,
  "ui/src/types/autored.ts": 1781043141.2374349,
  "ui/src/components/InvestigationTabs.tsx": 1781039730.045288,
  "ui/src/components/AppErrorBoundary.tsx": 1781038484.7393837,
  "ui/src/components/NewRunDialog.tsx": 1781043141.915796,
  "ui/src/components/StrategyHeatmapTab.tsx": 1781026217.1622045,
  "ui/src/components/AnalyticsPanel.tsx": 1781039729.9368021,
  "ui/src/components/VerificationTraceTab.tsx": 1781023066.842969,
  "ui/src/components/ExtractorCard.tsx": 1781021469.1337116,
  "ui/src/components/TimelineSidebar.tsx": 1781043666.7307584,
  "ui/src/components/ScenarioTab.tsx": 1781043141.7911234,
  "ui/src/components/ResizeHandle.tsx": 1781039729.7339876,
  "ui/src/components/GeneratorCard.tsx": 1781021469.1237113,
  "ui/src/components/VictimCard.tsx": 1781021469.1331832,
  "ui/src/components/AttackEvolutionTab.tsx": 1781024703.7486684,
  "ui/src/components/ModelHeatmapTab.tsx": 1781026148.354919,
  "ui/src/components/VerifierCard.tsx": 1781021469.1375566,
  "ui/src/components/FilterBar.tsx": 1781043141.4541514,
  "ui/src/components/ExtractorDebuggerTab.tsx": 1781023107.0064766,
  "ui/src/utils/normalizeRun.ts": 1781043185.7282872,
  "ui/src/utils/success.ts": 1781043638.5666852,
  "ui/src/pages/RunLoader.tsx": 1781043141.5611207,
  "ui/src/pages/RunComparison.tsx": 1781038562.9048183,
  "ui/src/pages/BenchmarkDashboard.tsx": 1781043684.0132043,
  "ui/src/pages/InvestigationPage.tsx": 1781043660.6502635,
  "ui/src/hooks/useWebSocket.ts": 1781023587.119406,
  "ui/src/store/runStore.ts": 1781038562.6668704,
  "worker/rq_app.py": 1781020255.527356,
  "worker/experiment_runner.py": 1781043606.420159,
  "worker/__init__.py": 1781020255.5183983,
  "worker/models_manager.py": 1781020255.529819,
  "rl4lms/__init__.py": 1776591416.5112293,
  "rl4lms/data_pools/text_generation_pool.py": 1776591416.5124264,
  "rl4lms/data_pools/custom_text_generation_pools.py": 1776591416.5123696,
  "rl4lms/data_pools/__init__.py": 1776591416.5122666,
  "rl4lms/core_components/sampler.py": 1776591416.5122666,
  "rl4lms/core_components/sweep.py": 1776591416.5122666,
  "rl4lms/core_components/__init__.py": 1776591416.5121622,
  "rl4lms/envs/__init__.py": 1776591416.5124264,
  "rl4lms/envs/text_generation/evaluation_utils.py": 1776591416.5394046,
  "rl4lms/envs/text_generation/metric.py": 1780908044.8446274,
  "rl4lms/envs/text_generation/post_processors.py": 1776591416.5402985,
  "rl4lms/envs/text_generation/policy.py": 1776591416.5394046,
  "rl4lms/envs/text_generation/preference_reward.py": 1776591416.5402985,
  "rl4lms/envs/text_generation/test_datapool.py": 1776591416.5406406,
  "rl4lms/envs/text_generation/hf_generation_utils.py": 1776591416.5394046,
  "rl4lms/envs/text_generation/test_reward.py": 1776591416.5406406,
  "rl4lms/envs/text_generation/logging_utils.py": 1776591416.5394046,
  "rl4lms/envs/text_generation/reward.py": 1776591416.5402985,
  "rl4lms/envs/text_generation/__init__.py": 1776591416.5125215,
  "rl4lms/envs/text_generation/test_metric.py": 1776591416.5406406,
  "rl4lms/envs/text_generation/training_utils.py": 1776591416.5406406,
  "rl4lms/envs/text_generation/kl_controllers.py": 1776591416.5394046,
  "rl4lms/envs/text_generation/env.py": 1780908044.8446274,
  "rl4lms/envs/text_generation/observation.py": 1776591416.5394046,
  "rl4lms/envs/text_generation/registry.py": 1776591416.5402985,
  "rl4lms/envs/text_generation/utils_supervised.py": 1776591416.5406406,
  "rl4lms/envs/text_generation/alg_wrappers.py": 1776591416.5126696,
  "rl4lms/envs/text_generation/warm_start.py": 1776591416.5406406,
  "rl4lms/envs/text_generation/caption_metrics/cider.py": 1776591416.5127637,
  "rl4lms/envs/text_generation/caption_metrics/__init__.py": 1776591416.5127225,
  "rl4lms/envs/text_generation/caption_metrics/spice/spice.py": 1776591416.5394046,
  "rl4lms/envs/text_generation/caption_metrics/spice/__init__.py": 1776591416.5128443,
  "rl4lms/envs/text_generation/summ_metrics/summa_c.py": 1776591416.5406406,
  "rl4lms/envs/text_generation/summ_metrics/__init__.py": 1776591416.5402985,
  "rl4lms/envs/text_generation/policy/causal_policy.py": 1776591416.5402985,
  "rl4lms/envs/text_generation/policy/seq2seq_policy.py": 1776591416.5402985,
  "rl4lms/envs/text_generation/policy/__init__.py": 1776591416.5394046,
  "rl4lms/envs/text_generation/policy/base_policy.py": 1776591416.5402985,
  "rl4lms/envs/common/base_env.py": 1776591416.5125215,
  "rl4lms/envs/common/action_space.py": 1776591416.5125215,
  "rl4lms/envs/common/reward.py": 1776591416.5125215,
  "rl4lms/envs/common/__init__.py": 1776591416.5125003,
  "rl4lms/envs/common/observation.py": 1776591416.5125215,
  "rl4lms/algorithms/trpo/trpo.py": 1776591416.5121622,
  "rl4lms/algorithms/trpo/policies.py": 1776591416.5121622,
  "rl4lms/algorithms/trpo/__init__.py": 1776591416.5120516,
  "rl4lms/algorithms/ppo/__init__.py": 1776591416.5119507,
  "rl4lms/algorithms/ppo/ppo.py": 1780908044.8446274,
  "rl4lms/algorithms/a2c/a2c.py": 1780908044.8446274,
  "rl4lms/algorithms/a2c/__init__.py": 1776591416.511445,
  "rl4lms/algorithms/nlpo/policies.py": 1776591416.5119507,
  "rl4lms/algorithms/nlpo/__init__.py": 1776591416.511648,
  "rl4lms/algorithms/nlpo/nlpo.py": 1780908044.8446274,
  "rl4lms/algorithms/common/algo_utils.py": 1776591416.5115047,
  "rl4lms/algorithms/common/maskable/utils.py": 1776591416.511648,
  "rl4lms/algorithms/common/maskable/distributions.py": 1776591416.511648,
  "rl4lms/algorithms/common/maskable/evaluation.py": 1776591416.511648,
  "rl4lms/algorithms/common/maskable/policies.py": 1776591416.511648,
  "rl4lms/algorithms/common/maskable/buffers.py": 1780908044.8446274,
  "rl4lms/algorithms/common/maskable/__init__.py": 1776591416.5116255,
  "rl4lms/algorithms/common/maskable/callbacks.py": 1776591416.511648,
  "rl4lms/algorithms/common/maskable/logits_processor.py": 1776591416.511648,
  "server/file_manager.py": 1781043598.1938977,
  "server/run_normalizer.py": 1781043593.3128493,
  "server/schemas.py": 1781038373.4718585,
  "server/models_server.py": 1781038383.7916582,
  "server/__init__.py": 1781019768.1923788,
  "server/websocket.py": 1781036561.2638316,
  "server/experiment_server.py": 1781043602.9262896,
  "server/main.py": 1781043632.8275282,
  "hpc/update_script3.py": 1776746270.0918143,
  "hpc/download_hf_assets.py": 1780908044.8399885,
  "hpc/update_script_elab.py": 1776746573.9441833,
  "hpc/train_reward_model.py": 1780908044.8446274,
  "hpc/setup_login_node.py": 1776605222.1094933,
  "hpc/download_models.py": 1780908044.8399885,
  "requirements_server.txt": 1781022026.5764892,
  "llama_response_2.txt": 1780908044.8446274,
  "README.md": 1776591416.5035758,
  "GEMINI.md": 1776591676.091464,
  "PLAN_EVALUATION.md": 1780912609.503592,
  "requirements.txt": 1780908044.8446274,
  "test_8.txt": 1780955589.1305676,
  "IMPROVEMENTS.md": 1776961698.6237447,
  "test_4.txt": 1780955589.130405,
  "test.txt": 1780955589.1300952,
  "test_1.txt": 1780955589.1301978,
  "AUTO_RED_COMPREHENSIVE.md": 1776965018.7885358,
  "graphify-out/converted/AutoRed_Deep_Analysis_013b7487.md": 1781285413.488937,
  "requirements_minimal.txt": 1776592766.5482714,
  "llama_response_1.txt": 1780908044.8446274,
  "test_6.txt": 1780955589.1305676,
  "AUTORED_FULL_SUMMARY.md": 1780804231.0237508,
  "AUTORED_IMPLEMENTATION_PLAN.md": 1780908044.8135886,
  "llama_response_3.txt": 1780908044.8446274,
  "CHANGES_SUMMARY.md": 1781070165.3317559,